S.No,Batch,Student Id,Roll No,Name,Gender,Shift,Section,Course,Faculty,Program,Status,Home Phone,Mobile No,Father Name,Father Mobile No,Mother Name,Mother Mobile No,Local Guardain Name,Local Guardain No,P Address,T Address,DOB ES,DOB BS,Blood Group,Optional Subject,SLC %,Previous School,Username
1,2020(AL),2271.0,,Aakash Pal,Male,Day,A,A-Level20NS ( A-Level20NS),,,Running,,,,,,,,,,,2005-10-16,30-06-2062,,Accounting,,,
2,2020(AL),2174.0,,Aayusha Karki,Female,Day,A,A-Level20NS ( A-Level20NS),,,Running,,9808721506.0,,,,,,,,,2005-08-10,26-04-2062,,Accounting,,,
3,2020(AL),2175.0,,Amogh Guragai,Male,Day,A,A-Level20NS ( A-Level20NS),,,Running,,,,,,,,,,,2005-08-10,26-04-2062,,Accounting,,,
4,2020(AL),2240.0,,Ashish Sherpa,Male,Day,A,A-Level20NS ( A-Level20NS),,,Running,,,,,,,,,,,2005-10-06,20-06-2062,,Accounting,,,
5,2020(AL),2177.0,,Avyash Kurumbang Limbhu,Male,Day,A,A-Level20NS ( A-Level20NS),,,Running,,,,,,,,,,,2005-08-10,26-04-2062,,Accounting,,,
6,2020(AL),2178.0,,Barish Rai,Male,Day,A,A-Level20NS ( A-Level20NS),,,Running,,,,,,,,,,,2005-08-10,26-04-2062,,Accounting,,,
7,2020(AL),2179.0,,Denisha Basnet,Female,Day,A,A-Level20NS ( A-Level20NS),,,Running,,,,,,,,,,,2005-08-10,26-04-2062,,Accounting,,,
8,2020(AL),2249.0,,Gobind Mukhiya,Male,Day,A,A-Level20NS ( A-Level20NS),,,Running,,,,,,,,,,,2005-10-06,20-06-2062,,Accounting,,,
9,2020(AL),2269.0,,Jackson Shahi,Male,Day,A,A-Level20NS ( A-Level20NS),,,Running,,,,,,,,,,,2005-10-06,20-06-2062,,Accounting,,,
10,2020(AL),2180.0,,Jaya Gupta,Female,Day,A,A-Level20NS ( A-Level20NS),,,Running,,,,,,,,,,,2005-08-10,26-04-2062,,Accounting,,,
11,2020(AL),2181.0,,Jwalandeep Adhikari,Male,Day,A,A-Level20NS ( A-Level20NS),,,Running,,,,,,,,,,,2005-08-10,26-04-2062,,Accounting,,,
12,2020(AL),2182.0,,Kaustuv Shrestha,Male,Day,A,A-Level20NS ( A-Level20NS),,,Running,,,,,,,,,,,2005-08-10,26-04-2062,,Accounting,,,
13,2020(AL),2242.0,,Kishor Singh Bhandari,Male,Day,A,A-Level20NS ( A-Level20NS),,,Running,,,,,,,,,,,2005-10-06,20-06-2062,,Accounting,,,
14,2020(AL),2184.0,,Krishna Nepal,Male,Day,A,A-Level20NS ( A-Level20NS),,,Running,,,,,,,,,,,2005-08-11,27-04-2062,,Accounting,,,
15,2020(AL),2185.0,,Kriti Chhetri,Female,Day,A,A-Level20NS ( A-Level20NS),,,Running,,,,,,,,,,,2005-08-11,27-04-2062,,Business,,,
16,2020(AL),2243.0,,Kritika Khandelwal,Female,Day,A,A-Level20NS ( A-Level20NS),,,Running,,,,,,,,,,,2005-10-06,20-06-2062,,Computer Science,,,
17,2020(AL),2186.0,,Kritika Singh,Female,Day,A,A-Level20NS ( A-Level20NS),,,Running,,,,,,,,,,,2005-08-11,27-04-2062,,Accounting,,,
18,2020(AL),2187.0,,Manash Raj Sharma,Male,Day,A,A-Level20NS ( A-Level20NS),,,Running,,,,,,,,,,,2005-08-11,27-04-2062,,Accounting,,,
19,2020(AL),2188.0,,Manik Sharma Bhattarai,Male,Day,A,A-Level20NS ( A-Level20NS),,,Running,,,,,,,,,,,2005-08-11,27-04-2062,,Accounting,,,
20,2020(AL),2245.0,,Manjari Lohani,Female,Day,A,A-Level20NS ( A-Level20NS),,,Running,,,,,,,,,,,2005-10-06,20-06-2062,,Accounting,,,
21,2020(AL),2246.0,,Miksee Rai,Female,Day,A,A-Level20NS ( A-Level20NS),,,Running,,,,,,,,,,,2005-10-06,20-06-2062,,Accounting,,,
22,2020(AL),2189.0,,Nigesh Pun,Male,Day,A,A-Level20NS ( A-Level20NS),,,Running,,,,,,,,,,,2005-08-11,27-04-2062,,Business,,,
23,2020(AL),2190.0,,Nishant Bhandari,Male,Day,A,A-Level20NS ( A-Level20NS),,,Running,,,,,,,,,,,2005-08-11,27-04-2062,,Accounting,,,
24,2020(AL),2191.0,,Paarth Man Singh Basnyat,Male,Day,A,A-Level20NS ( A-Level20NS),,,Running,,,,,,,,,,,2005-08-11,27-04-2062,,Art and Design,,,
25,2020(AL),2192.0,,Piya Gurung,Female,Day,A,A-Level20NS ( A-Level20NS),,,Running,,,,,,,,,,,2005-08-11,27-04-2062,,Business,,,
26,2020(AL),2214.0,,Poshan Gurung,Male,Day,A,A-Level20NS ( A-Level20NS),,,Running,,,,,,,,,,,2005-08-11,27-04-2062,,Business,,,
27,2020(AL),2195.0,,Prasansha Subba,Female,Day,A,A-Level20NS ( A-Level20NS),,,Running,,,,,,,,,,,2005-08-11,27-04-2062,,Accounting,,,
28,2020(AL),2196.0,,Pritishma Shah,Female,Day,A,A-Level20NS ( A-Level20NS),,,Running,,,,,,,,,,,2005-08-11,27-04-2062,,Accounting,,,
29,2020(AL),2197.0,,Samishrika Pariyar,Female,Day,A,A-Level20NS ( A-Level20NS),,,Running,,,,,,,,,,,2005-08-11,27-04-2062,,Art and Design,,,
30,2020(AL),2198.0,,Sarika Koirala,Female,Day,A,A-Level20NS ( A-Level20NS),,,Running,,,,,,,,,,,2005-08-11,27-04-2062,,Accounting,,,
31,2020(AL),2229.0,,Sarthak Thapa,Male,Day,A,A-Level20NS ( A-Level20NS),,,Running,,,,,,,,,,,2005-08-11,27-04-2062,,Art and Design,,,
32,2020(AL),2199.0,,Shruti Chhetri,Female,Day,A,A-Level20NS ( A-Level20NS),,,Running,,,,,,,,,,,2005-08-11,27-04-2062,,Accounting,,,
33,2020(AL),2275.0,,Smriti K.C.,Female,Day,A,A-Level20NS ( A-Level20NS),,,Running,,,,,,,,,,,2005-10-16,30-06-2062,,Accounting,,,
34,2020(AL),2200.0,,Sparsh Roka Magar,Male,Day,A,A-Level20NS ( A-Level20NS),,,Running,,,,,,,,,,,2005-08-11,27-04-2062,,Accounting,,,
35,2020(AL),2201.0,,Sulav Shrestha,Male,Day,A,A-Level20NS ( A-Level20NS),,,Running,,,,,,,,,,,2005-08-11,27-04-2062,,Accounting,,,
36,2020(AL),2202.0,,Vijita Raut,Female,Day,A,A-Level20NS ( A-Level20NS),,,Running,,,,,,,,,,,2005-08-11,27-04-2062,,Accounting,,,
37,2020(AL),2203.0,,Yaju Maharjhan,Female,Day,A,A-Level20NS ( A-Level20NS),,,Running,,,,,,,,,,,2005-08-11,27-04-2062,,Accounting,,,
« ,,,,,,,,,,,,,,,,,,,,,,,,,,,,
,,,,,,,,,,,,,,,,,,,,,,,,,,,,
1,,,,,,,,,,,,,,,,,,,,,,,,,,,,
,,,,,,,,,,,,,,,,,,,,,,,,,,,,
»,,,,,,,,,,,,,,,,,,,,,,,,,,,,
